ticker,date,company_type,employee_count,employee_count_level_cxo,employee_count_level_director,employee_count_level_entry,employee_count_level_manager,employee_count_level_owner,employee_count_level_partner,employee_count_level_senior,employee_count_level_training,employee_count_level_unpaid,employee_count_level_vp,employee_count_role_customer_service,employee_count_role_design,employee_count_role_education,employee_count_role_engineering,employee_count_role_finance,employee_count_role_health,employee_count_role_human_resources,employee_count_role_legal,employee_count_role_marketing,employee_count_role_media,employee_count_role_operations,employee_count_role_other_uncategorized,employee_count_role_public_relations,employee_count_role_real_estate,employee_count_role_sales,employee_count_role_trades
BOX,2010-01,private,169,5,16,1,32,4,1,17,0,1,9,5,7,0,28,5,0,4,0,9,5,10,70,2,0,24,0
BOX,2010-02,private,172,5,16,1,33,4,1,17,0,1,9,5,7,0,29,5,0,4,0,9,5,10,72,2,0,24,0
BOX,2010-03,private,178,5,16,1,34,4,1,18,0,1,9,5,7,0,30,5,0,5,0,9,5,10,74,2,0,26,0
BOX,2010-04,private,179,5,16,1,35,3,1,18,0,1,9,5,7,0,29,6,0,5,0,8,5,10,74,2,0,28,0
BOX,2010-05,private,190,5,16,1,37,3,1,22,2,1,9,6,7,0,32,6,0,5,0,9,5,13,76,2,0,29,0
BOX,2010-06,private,207,5,16,1,42,3,1,28,4,1,9,7,7,0,36,8,0,7,0,10,5,14,81,2,0,30,0
BOX,2010-07,private,215,6,17,1,46,4,1,32,6,1,9,7,7,0,38,7,0,7,0,11,5,16,82,3,0,32,0
BOX,2010-08,private,220,6,18,1,46,4,1,33,6,1,9,7,7,0,38,7,0,7,0,11,6,17,84,3,0,33,0
BOX,2010-09,private,225,6,19,1,48,4,1,35,3,1,9,7,8,0,38,7,0,7,0,10,7,17,83,3,1,37,0
BOX,2010-10,private,232,6,19,1,48,4,1,37,3,1,9,7,11,0,39,7,0,7,0,10,7,18,84,3,1,38,0
BOX,2010-11,private,240,6,19,1,50,4,1,39,3,1,9,7,11,0,40,7,0,8,0,10,7,18,87,3,1,41,0
BOX,2010-12,private,244,6,20,1,51,4,1,40,3,1,9,7,12,0,40,8,0,8,0,11,7,17,88,3,1,42,0
BOX,2011-01,private,283,7,20,1,53,6,1,43,7,1,10,9,12,0,46,7,0,9,0,13,7,19,106,4,1,50,0
BOX,2011-02,private,302,7,21,1,54,6,1,45,7,1,9,10,12,0,55,7,0,9,0,14,6,19,110,4,1,55,0
BOX,2011-03,private,315,7,22,1,54,6,1,50,7,1,9,11,12,0,58,7,0,8,0,14,6,22,113,3,1,60,0
BOX,2011-04,private,324,7,22,1,59,6,1,51,7,1,11,10,12,0,60,7,0,8,0,16,6,22,118,3,1,61,0
BOX,2011-05,private,344,7,26,1,63,6,1,57,9,1,12,10,13,1,65,8,0,10,0,16,6,25,119,3,1,67,0
BOX,2011-06,private,384,7,27,1,70,6,1,65,14,0,13,14,15,1,77,10,0,14,0,18,6,26,121,4,1,77,0
BOX,2011-07,private,399,7,29,2,72,6,1,70,13,0,15,14,15,1,85,10,0,14,0,19,6,28,120,4,1,82,0
BOX,2011-08,private,424,7,30,2,78,6,1,75,14,0,15,16,15,2,92,10,0,14,0,20,7,28,127,5,1,87,0
BOX,2011-09,private,434,7,29,2,79,6,2,80,8,0,15,16,15,2,90,10,0,15,0,21,7,29,131,5,1,92,0
BOX,2011-10,private,463,7,31,2,87,6,4,94,5,0,17,18,15,2,97,10,0,16,0,21,8,31,133,7,1,104,0
BOX,2011-11,private,490,8,32,2,91,6,4,101,5,0,17,20,15,2,103,10,0,16,0,21,8,31,136,8,1,119,0
BOX,2011-12,private,506,8,32,2,93,6,4,106,5,0,18,20,15,2,108,10,0,17,0,22,8,31,139,8,1,125,0
BOX,2012-01,private,587,7,45,3,108,6,4,126,5,0,24,22,17,2,121,11,0,20,0,27,9,34,155,7,1,161,0
BOX,2012-02,private,617,7,48,3,113,6,4,128,5,0,25,27,18,2,123,12,0,20,0,26,12,38,159,9,1,170,0
BOX,2012-03,private,637,7,51,3,115,5,4,134,6,0,25,29,14,2,127,13,0,21,1,28,10,39,160,9,1,183,0
BOX,2012-04,private,665,7,54,3,120,7,4,137,5,0,27,31,14,2,131,14,0,21,2,27,10,41,167,9,1,195,0
BOX,2012-05,private,695,7,56,3,124,7,4,145,8,0,29,32,15,2,137,16,0,22,2,30,11,47,169,9,1,202,0
BOX,2012-06,private,753,7,58,2,131,8,4,153,17,0,31,38,17,2,153,15,1,21,3,32,12,53,174,9,1,222,0
BOX,2012-07,private,791,8,67,2,139,9,4,161,18,0,32,44,17,2,156,14,1,24,4,35,12,55,177,9,1,240,0
BOX,2012-08,private,822,8,69,2,147,9,4,165,18,0,33,44,18,2,158,14,1,26,4,39,12,56,191,10,1,246,0
BOX,2012-09,private,837,8,72,2,152,9,4,171,8,0,33,45,16,2,161,14,1,27,4,35,12,56,199,10,1,254,0
BOX,2012-10,private,871,8,74,2,161,9,4,178,5,0,36,48,17,2,167,16,1,28,3,34,11,58,215,9,1,261,0
BOX,2012-11,private,892,8,74,2,167,9,4,180,5,0,36,48,17,2,174,16,1,29,3,36,11,59,217,9,1,269,0
BOX,2012-12,private,905,8,76,2,166,9,4,185,5,0,36,48,17,4,176,16,1,30,3,36,11,63,219,9,1,271,0
BOX,2013-01,private,973,8,85,2,183,8,4,199,8,0,38,51,21,6,187,19,1,34,4,36,12,72,230,10,1,289,0
BOX,2013-02,private,1000,8,88,2,193,8,5,204,8,0,38,54,21,6,192,19,1,34,4,36,13,74,238,10,1,297,0
BOX,2013-03,private,1025,8,96,2,198,8,5,203,8,0,40,54,23,6,197,19,1,34,4,36,13,77,243,10,1,307,0
BOX,2013-04,private,1063,9,100,2,205,8,5,210,9,0,42,57,22,8,206,18,1,35,4,36,14,85,247,10,1,319,0
BOX,2013-05,private,1112,9,105,2,213,8,5,218,15,0,43,63,24,8,219,18,1,34,6,37,13,86,256,10,1,336,0
BOX,2013-06,private,1193,10,109,2,222,8,5,224,48,0,47,71,28,8,242,18,1,36,6,43,14,99,266,12,1,348,0
BOX,2013-07,private,1235,10,109,2,232,6,6,229,50,0,48,73,28,8,252,18,1,37,7,46,14,102,277,12,1,359,0
BOX,2013-08,private,1288,11,115,2,239,6,6,240,50,0,50,74,30,9,264,21,1,35,7,45,14,110,289,13,1,375,0
BOX,2013-09,private,1270,11,118,2,246,6,6,250,17,0,50,74,25,7,251,21,1,39,6,43,15,108,289,14,1,376,0
BOX,2013-10,private,1253,11,119,2,245,6,6,246,5,0,51,74,22,7,246,20,1,39,6,43,15,109,285,14,1,371,0
BOX,2013-11,private,1264,11,124,2,249,6,6,253,5,0,50,74,20,7,253,23,1,39,6,42,15,105,292,14,1,372,0
BOX,2013-12,private,1277,11,125,2,246,6,6,254,5,0,50,74,20,7,256,27,1,39,6,44,15,110,296,14,1,367,0
BOX,2014-01,private,1299,10,136,2,257,5,6,265,9,0,50,77,22,7,266,30,1,39,6,44,15,112,302,16,1,361,0
BOX,2014-02,private,1319,10,143,2,261,6,6,275,9,0,50,76,23,7,272,29,1,39,6,45,15,116,301,17,1,371,0
BOX,2014-03,private,1333,10,142,1,262,6,6,274,10,0,51,74,24,7,271,31,1,42,6,46,15,117,311,17,1,370,0
BOX,2014-04,private,1363,10,147,1,269,5,6,287,11,0,52,77,25,7,276,33,1,45,6,44,15,117,319,17,1,380,0
BOX,2014-05,private,1389,10,148,1,276,7,6,296,13,0,52,72,27,7,281,35,1,45,6,47,12,117,333,19,1,386,0
BOX,2014-06,private,1435,10,151,1,274,7,6,302,44,0,52,74,26,6,302,37,1,46,5,50,12,126,340,20,1,389,0
BOX,2014-07,private,1475,11,155,1,282,7,6,308,44,0,51,72,27,6,307,38,1,50,5,52,14,129,352,17,1,404,0
BOX,2014-08,private,1500,10,153,1,293,7,6,316,43,0,52,78,26,6,312,40,1,52,4,52,13,131,358,17,1,409,0
BOX,2014-09,private,1476,10,152,1,295,7,6,329,8,0,52,78,25,6,293,38,1,50,4,51,11,127,358,17,1,416,0
BOX,2014-10,private,1501,10,155,1,298,7,5,333,8,0,52,79,22,6,304,39,1,49,5,50,11,130,364,17,1,423,0
BOX,2014-11,private,1512,10,159,1,302,7,5,338,7,0,51,86,22,5,310,40,1,49,5,50,11,132,361,17,1,422,0
BOX,2014-12,private,1518,9,154,1,311,7,5,341,6,0,50,90,23,5,311,42,1,48,5,48,9,130,367,16,1,422,0
BOX,2015-01,private,1537,8,158,1,316,5,5,353,3,0,52,93,23,7,321,42,1,50,6,52,9,135,365,15,1,417,0
BOX,2015-02,public,1532,8,158,1,314,5,4,359,2,0,54,92,22,8,330,41,1,53,6,52,9,135,353,15,1,414,0
BOX,2015-03,public,1551,8,165,1,320,5,4,368,2,0,56,92,22,9,337,38,1,55,7,54,9,141,360,16,1,409,0
BOX,2015-04,public,1584,8,169,1,329,5,4,374,2,0,56,91,23,8,350,37,1,56,10,55,9,148,369,15,1,411,0
BOX,2015-05,public,1622,8,175,1,336,5,4,370,8,0,57,94,24,8,365,39,1,57,10,53,8,152,380,14,1,416,0
BOX,2015-06,public,1699,8,175,1,341,7,5,376,42,0,59,102,27,9,403,36,1,60,10,57,10,161,397,13,1,412,0
BOX,2015-07,public,1745,9,176,1,351,7,5,395,42,0,62,109,27,10,415,37,1,66,10,63,10,165,409,13,1,409,0
BOX,2015-08,public,1767,10,181,1,360,8,5,407,42,0,62,110,27,11,420,35,1,65,10,65,10,171,421,14,1,406,0
BOX,2015-09,public,1775,10,190,1,374,8,5,424,13,0,63,116,27,11,411,35,1,66,10,65,10,174,424,12,1,412,0
BOX,2015-10,public,1766,10,194,1,365,8,5,420,6,0,62,114,26,12,405,32,1,66,9,61,10,172,424,13,1,420,0
BOX,2015-11,public,1749,10,191,1,367,8,5,417,5,0,62,114,27,12,403,32,1,65,9,61,9,168,420,8,1,419,0
BOX,2015-12,public,1748,10,190,1,369,8,5,417,3,0,62,114,26,12,401,31,1,64,11,62,9,168,419,9,1,420,0
BOX,2016-01,public,1746,9,192,1,374,8,6,417,4,0,61,113,24,9,396,31,2,66,11,66,11,172,421,10,1,413,0
BOX,2016-02,public,1752,9,196,0,378,8,6,423,3,0,62,113,24,8,399,32,2,68,11,67,11,175,413,10,1,418,0
BOX,2016-03,public,1758,9,195,0,380,8,6,431,4,0,61,116,25,8,397,33,2,65,11,65,12,176,417,10,1,420,0
BOX,2016-04,public,1729,9,192,0,381,9,5,437,4,0,60,115,23,8,395,30,2,60,11,63,12,171,415,10,1,413,0
BOX,2016-05,public,1746,9,195,0,378,9,5,434,11,0,59,110,23,8,406,31,2,59,11,64,13,170,417,9,1,422,0
BOX,2016-06,public,1781,9,198,0,379,11,5,435,27,0,56,109,23,7,426,34,2,63,12,69,13,170,426,9,1,417,0
BOX,2016-07,public,1824,11,203,0,377,11,5,435,27,0,56,110,26,7,435,36,3,68,11,69,11,182,433,9,1,423,0
BOX,2016-08,public,1854,11,206,0,380,11,6,437,27,0,56,116,26,7,434,37,3,70,11,75,12,183,435,10,1,434,0
BOX,2016-09,public,1852,11,213,0,385,11,6,456,8,0,56,116,27,6,429,37,3,73,10,74,12,185,439,10,1,430,0
BOX,2016-10,public,1874,11,214,0,382,11,5,446,4,0,57,117,28,6,431,37,3,73,10,74,13,189,446,11,1,435,0
BOX,2016-11,public,1900,11,213,0,383,11,4,453,4,0,56,121,28,6,429,38,3,72,12,76,12,188,457,11,1,446,0
BOX,2016-12,public,1916,11,211,0,388,10,4,464,4,0,58,118,31,6,430,41,3,71,12,78,13,187,458,10,1,457,0
BOX,2017-01,public,1970,13,216,0,400,10,5,480,5,1,60,120,33,6,442,42,3,79,13,83,12,199,470,10,1,457,0
BOX,2017-02,public,1973,15,220,1,407,10,5,492,5,1,61,121,32,5,445,43,3,77,13,83,12,203,464,10,1,461,0
BOX,2017-03,public,1998,15,225,1,407,10,5,487,5,1,60,124,30,5,445,43,3,76,13,86,12,210,475,10,1,465,0
BOX,2017-04,public,2043,15,235,1,426,10,5,520,5,1,61,126,31,6,451,41,3,85,13,93,13,203,472,12,1,493,0
BOX,2017-05,public,2074,15,238,1,422,10,4,515,17,1,61,128,26,6,458,38,3,83,13,95,13,206,485,12,1,507,0
BOX,2017-06,public,2127,15,245,1,437,12,3,525,29,1,59,131,26,5,467,40,3,90,17,100,13,215,488,13,1,518,0
BOX,2017-07,public,2149,15,249,1,437,12,4,520,30,1,59,133,26,6,470,41,3,92,17,101,11,217,497,12,1,522,0
BOX,2017-08,public,2182,16,245,1,452,12,4,536,29,0,57,140,26,8,482,41,2,90,17,106,10,213,495,12,1,539,0
BOX,2017-09,public,2186,15,246,1,456,12,5,546,8,0,58,144,28,8,486,41,2,88,16,103,11,213,495,12,1,538,0
BOX,2017-10,public,2191,15,244,1,456,12,4,550,4,0,58,144,29,10,491,41,3,85,16,99,11,216,499,12,1,534,0
BOX,2017-11,public,2203,16,244,1,451,12,4,551,4,0,57,147,27,9,486,42,3,84,16,101,11,218,509,12,1,537,0
BOX,2017-12,public,2206,15,245,1,449,14,4,550,3,0,58,142,28,9,486,43,3,85,16,100,11,217,515,12,1,538,0
BOX,2018-01,public,2253,16,250,1,453,14,4,569,4,0,59,141,29,9,508,41,3,93,16,98,9,219,530,12,1,544,0
BOX,2018-02,public,2274,20,261,1,458,14,6,582,4,0,60,138,32,9,509,43,4,94,16,100,8,217,535,12,1,556,0
BOX,2018-03,public,2305,18,265,1,463,14,6,591,4,0,63,139,32,9,518,42,4,95,16,100,10,230,546,13,1,550,0
BOX,2018-04,public,2330,18,265,1,477,12,7,606,5,0,68,138,35,10,520,42,5,99,16,98,12,227,555,14,2,557,0
BOX,2018-05,public,2385,17,267,1,488,12,8,606,14,0,67,145,37,13,542,41,5,99,18,99,11,229,554,14,2,576,0
BOX,2018-06,public,2451,17,266,1,491,12,8,624,27,0,66,150,36,13,566,42,5,105,19,99,12,235,561,14,2,592,0
BOX,2018-07,public,2495,16,265,1,501,9,8,633,24,0,66,154,35,14,580,42,5,108,19,99,12,239,571,15,2,600,0
BOX,2018-08,public,2531,16,264,1,513,9,9,647,24,0,66,151,37,14,589,45,5,107,20,98,11,241,582,15,2,614,0
BOX,2018-09,public,2513,17,265,2,514,11,9,670,10,0,64,148,35,14,576,44,5,107,19,100,11,238,594,15,2,605,0
BOX,2018-10,public,2507,17,263,2,509,11,10,649,6,0,63,146,36,14,570,45,5,108,18,96,11,234,604,15,2,603,0
BOX,2018-11,public,2511,16,255,2,515,11,10,644,6,0,63,146,35,14,577,46,5,107,19,93,11,231,609,14,2,602,0
BOX,2018-12,public,2508,15,252,2,515,12,9,647,6,0,64,146,35,14,581,45,5,105,19,92,11,232,610,12,2,599,0
BOX,2019-01,public,2496,17,256,2,507,12,11,644,4,0,62,147,34,14,580,47,5,104,20,94,10,232,609,12,2,586,0
BOX,2019-02,public,2496,20,264,2,513,12,13,657,4,0,59,147,36,13,586,48,5,107,19,99,11,226,601,12,2,584,0
BOX,2019-03,public,2531,20,271,2,511,13,12,669,4,0,57,152,36,13,608,50,5,114,19,100,12,242,596,12,2,570,0
BOX,2019-04,public,2550,19,278,2,512,14,12,707,4,0,58,144,38,13,622,53,6,116,19,96,11,234,608,12,2,576,0
BOX,2019-05,public,2589,20,282,2,524,15,12,708,11,0,58,154,36,13,639,56,6,118,19,97,11,240,615,13,2,570,0
BOX,2019-06,public,2634,20,280,1,538,15,14,707,27,0,56,162,37,14,645,58,6,118,16,102,11,242,627,13,2,581,0
BOX,2019-07,public,2647,23,271,1,533,14,15,711,27,0,54,159,37,17,661,58,6,116,15,101,12,237,626,14,2,586,0
BOX,2019-08,public,2648,24,266,1,541,14,15,719,27,0,58,160,40,17,662,61,6,111,15,98,12,243,628,14,2,579,0
BOX,2019-09,public,2646,24,253,1,547,15,15,728,12,0,55,158,39,16,661,62,6,112,14,96,12,257,632,12,2,567,0
BOX,2019-10,public,2650,23,256,0,559,15,14,755,3,0,58,160,39,17,662,65,6,117,13,90,12,256,632,12,2,567,0
BOX,2019-11,public,2629,24,251,0,559,14,15,740,3,0,55,154,39,18,660,66,6,118,13,86,12,246,632,13,1,565,0
BOX,2019-12,public,2601,24,249,0,544,14,15,723,3,0,54,147,39,18,660,66,6,115,13,84,12,247,628,13,1,552,0
BOX,2020-01,public,2570,23,243,0,528,13,15,723,4,0,53,146,39,17,669,63,6,111,13,79,12,246,610,13,1,545,0
BOX,2020-02,public,2537,25,239,0,517,14,14,720,4,0,56,140,40,17,671,63,5,108,13,77,11,236,610,13,1,532,0
BOX,2020-03,public,2503,25,236,1,502,15,15,717,3,0,53,132,39,16,678,62,5,102,14,78,11,240,604,13,1,508,0
BOX,2020-04,public,2494,22,230,1,507,15,15,724,3,0,55,132,39,16,691,63,5,100,15,76,11,239,602,13,1,491,0
BOX,2020-05,public,2466,21,223,1,503,16,15,702,9,0,54,133,39,16,692,65,5,96,15,74,11,226,601,13,1,479,0
BOX,2020-06,public,2480,21,220,1,500,16,14,697,13,0,54,133,39,16,705,63,5,98,14,74,12,224,606,11,1,479,0
BOX,2020-07,public,2503,22,225,1,501,16,14,700,13,0,53,134,41,17,703,64,5,100,14,79,12,229,611,12,1,481,0
BOX,2020-08,public,2515,22,224,1,514,16,14,704,13,0,52,138,40,16,699,68,5,100,14,81,12,231,616,12,1,482,0
BOX,2020-09,public,2501,21,218,1,513,16,14,702,10,0,53,137,42,16,694,67,5,100,15,78,12,225,615,12,1,482,0
BOX,2020-10,public,2483,21,219,1,510,16,14,697,6,0,54,135,42,16,688,66,5,99,14,80,11,224,611,12,1,479,0
BOX,2020-11,public,2481,21,216,1,514,16,15,697,6,0,54,140,43,16,683,65,5,98,15,80,11,223,611,12,1,478,0
BOX,2020-12,public,2454,21,215,1,511,16,15,688,6,0,52,141,44,16,677,64,5,99,15,78,11,225,604,12,1,462,0
BOX,2021-01,public,2467,21,211,1,508,17,14,693,6,0,50,142,42,17,692,64,5,98,15,77,11,222,613,11,1,457,0
BOX,2021-02,public,2460,19,211,1,508,17,14,709,6,0,46,146,42,17,702,63,5,94,14,79,11,223,607,11,1,445,0
BOX,2021-03,public,2487,19,208,1,507,17,14,694,8,0,45,149,43,17,702,64,5,94,14,80,9,236,621,10,1,442,0
BOX,2021-04,public,2482,19,207,0,515,17,14,725,9,0,49,154,44,16,703,64,6,98,14,78,10,238,610,9,1,437,0
BOX,2021-05,public,2469,18,200,0,506,17,13,698,27,0,47,157,44,16,712,65,6,98,15,81,11,223,604,9,1,427,0
BOX,2021-06,public,2486,20,203,0,504,17,13,712,42,0,47,163,45,14,719,67,6,97,14,79,11,226,596,9,1,439,0
BOX,2021-07,public,2516,21,208,0,509,17,12,701,41,0,46,164,44,13,726,67,6,108,15,84,11,232,594,8,1,443,0
BOX,2021-08,public,2534,19,203,0,511,18,12,705,39,0,45,164,46,15,732,65,6,108,15,82,11,230,599,8,1,452,0
BOX,2021-09,public,2566,19,207,0,518,18,13,714,16,0,46,164,48,17,740,64,6,114,15,85,11,231,609,8,1,453,0
BOX,2021-10,public,2578,19,211,0,512,18,13,711,8,0,46,161,46,17,743,62,6,120,15,81,11,240,621,8,1,446,0
BOX,2021-11,public,2593,21,209,1,511,18,13,707,8,0,47,164,46,17,750,62,6,120,14,85,11,245,620,8,1,444,0
BOX,2021-12,public,2618,22,207,1,517,18,13,722,7,0,47,163,46,17,761,64,6,120,16,83,11,254,623,8,1,445,0
BOX,2022-01,public,2647,22,206,1,519,17,13,724,10,0,46,160,47,18,772,65,6,124,17,85,11,247,632,8,1,454,0
BOX,2022-02,public,2683,22,210,1,537,17,13,744,12,0,46,160,47,18,791,65,5,125,18,87,11,257,625,7,1,466,0
BOX,2022-03,public,2747,22,210,1,545,17,14,740,12,0,44,169,48,18,800,66,5,131,17,89,11,287,623,7,1,475,0
BOX,2022-04,public,2774,23,219,1,545,17,14,760,11,0,50,168,48,15,813,65,5,135,19,87,12,285,635,6,1,480,0
BOX,2022-05,public,2795,23,224,1,557,17,15,754,24,0,49,174,46,15,825,62,5,141,19,84,12,272,648,8,1,483,0
BOX,2022-06,public,2850,23,224,1,570,17,14,767,42,0,49,172,48,16,855,64,5,141,20,85,13,280,656,9,1,485,0
BOX,2022-07,public,2859,24,223,2,567,17,14,770,46,0,48,173,48,16,865,62,5,143,20,80,13,280,656,9,1,488,0
BOX,2022-08,public,2882,24,223,2,567,17,14,766,46,0,48,173,48,16,867,64,5,146,20,80,13,287,661,9,1,492,0
BOX,2022-09,public,2883,24,225,2,572,17,14,773,24,0,49,178,47,15,867,65,5,146,19,82,13,285,655,9,1,496,0
BOX,2022-10,public,2879,24,228,2,571,17,14,778,10,0,49,180,47,15,873,65,5,142,19,80,13,286,658,9,1,486,0
BOX,2022-11,public,2899,24,227,3,577,17,14,788,9,0,48,181,48,15,883,68,5,142,19,80,13,290,655,9,1,490,0
BOX,2022-12,public,2905,24,226,2,576,16,14,794,8,0,48,181,47,13,884,69,5,142,19,82,13,295,658,9,1,487,0
BOX,2023-01,public,2919,25,221,2,578,16,14,793,11,0,50,184,45,13,891,70,5,138,20,82,14,299,661,9,1,487,0
BOX,2023-02,public,2919,25,224,2,590,16,14,803,12,1,49,185,46,13,892,72,5,118,20,85,14,295,662,9,1,502,0
BOX,2023-03,public,2931,25,223,2,592,16,14,805,12,1,49,187,46,13,895,69,5,113,20,86,14,302,665,10,1,505,0
BOX,2023-04,public,2942,25,232,2,614,16,14,829,13,1,50,195,46,13,891,68,5,113,19,86,16,303,670,10,1,506,0
BOX,2023-05,public,2946,25,231,2,615,16,14,820,13,1,49,195,47,13,893,68,5,114,19,86,17,301,674,9,1,504,0
BOX,2023-06,public,2959,25,231,2,617,16,14,821,12,1,49,199,48,13,899,69,5,113,19,85,17,300,677,9,1,505,0
BOX,2023-07,public,2964,26,231,2,616,16,14,819,14,1,50,200,49,13,904,71,5,113,19,86,17,300,674,9,1,503,0
BOX,2023-08,public,2966,26,228,2,618,16,14,825,14,1,50,200,49,13,907,72,5,111,19,86,17,298,674,9,1,505,0
BOX,2023-09,public,2971,26,227,2,617,16,14,826,13,1,51,200,50,14,910,74,5,109,18,88,17,300,673,9,1,503,0
BOX,2023-10,public,2972,26,228,2,619,16,15,824,9,1,52,201,50,14,900,73,5,113,18,91,16,301,673,9,1,507,0
BOX,2023-11,public,2965,27,228,2,620,16,16,818,9,1,52,199,49,14,904,72,5,112,18,91,16,298,673,9,1,504,0
BOX,2023-12,public,2970,27,228,2,615,16,16,817,9,1,52,196,49,14,911,72,5,112,18,90,16,297,675,9,1,505,0
BOX,2024-01,public,2982,26,229,2,616,16,16,823,9,1,51,197,49,14,913,71,5,115,19,87,16,297,682,9,1,507,0
BOX,2024-02,public,2984,26,234,2,625,16,16,816,10,1,52,198,49,14,910,71,5,116,20,88,16,301,685,9,1,501,0
DBX,2010-01,private,82,3,1,1,8,2,1,3,0,0,4,2,0,0,35,6,0,2,0,8,1,4,18,0,0,6,0
DBX,2010-02,private,84,3,1,1,10,2,1,3,0,0,4,2,0,0,35,6,0,2,0,9,1,4,19,0,0,6,0
DBX,2010-03,private,90,3,1,1,10,2,1,3,0,0,4,3,1,0,39,6,0,2,0,9,1,4,19,0,0,6,0
DBX,2010-04,private,93,3,2,1,9,3,1,3,0,0,4,3,1,0,41,6,0,2,0,9,1,4,20,0,0,6,0
DBX,2010-05,private,95,3,3,1,8,3,1,3,2,0,4,3,1,0,42,6,0,3,0,9,1,5,18,0,0,7,0
DBX,2010-06,private,102,3,3,2,7,3,1,3,7,0,4,3,1,0,47,6,0,2,0,8,1,7,21,0,0,6,0
DBX,2010-07,private,104,3,4,2,7,3,1,4,7,0,4,4,1,0,48,6,0,3,0,7,1,7,21,0,0,6,0
DBX,2010-08,private,109,3,4,2,7,3,1,5,7,0,4,6,1,0,49,6,0,5,0,7,1,7,21,0,0,6,0
DBX,2010-09,private,108,3,4,3,8,3,1,6,1,0,4,7,1,0,49,6,0,5,0,7,1,7,19,0,0,6,0
DBX,2010-10,private,110,3,4,4,8,3,1,6,1,0,4,7,2,0,51,6,0,5,0,7,1,6,19,0,0,6,0
DBX,2010-11,private,113,3,4,4,10,3,1,7,1,0,3,7,2,0,53,6,0,4,0,7,1,7,18,0,0,8,0
DBX,2010-12,private,116,4,5,4,10,4,1,7,1,0,3,7,2,0,54,7,0,4,0,7,1,7,19,0,0,8,0
DBX,2011-01,private,139,3,9,6,12,4,1,7,3,0,3,9,3,0,60,7,0,4,0,8,1,10,26,0,0,11,0
DBX,2011-02,private,145,3,9,6,12,4,1,6,4,0,2,9,3,0,62,7,0,4,0,8,1,10,29,0,0,12,0
DBX,2011-03,private,148,3,9,6,12,4,1,6,5,0,2,9,3,0,66,7,0,4,0,7,1,10,29,0,0,12,0
DBX,2011-04,private,149,3,8,6,14,4,1,6,7,0,2,7,3,0,67,7,0,5,0,7,1,10,29,0,0,13,0
DBX,2011-05,private,156,3,8,6,16,4,1,6,10,0,2,7,3,0,71,7,0,5,0,8,1,10,31,0,0,13,0
DBX,2011-06,private,171,3,9,6,16,4,1,6,16,0,2,8,4,0,80,7,0,5,1,8,1,11,33,0,0,13,0
DBX,2011-07,private,178,4,9,6,19,4,1,7,16,0,2,8,4,0,82,8,0,5,1,9,1,10,34,0,0,16,0
DBX,2011-08,private,185,4,11,6,18,4,1,7,16,0,2,7,4,0,84,9,0,8,2,9,1,10,35,0,0,16,0
DBX,2011-09,private,185,4,12,6,19,4,1,7,11,0,2,6,4,0,83,9,0,8,2,9,1,11,35,0,0,17,0
DBX,2011-10,private,185,4,12,6,20,4,1,7,7,0,1,6,4,0,84,10,0,8,2,7,1,13,33,0,0,17,0
DBX,2011-11,private,201,3,15,6,21,4,1,7,7,0,1,6,4,0,86,12,0,11,2,7,1,14,36,0,0,22,0
DBX,2011-12,private,203,3,15,6,21,4,1,7,7,0,1,6,4,0,86,11,0,11,2,7,1,16,36,0,0,23,0
DBX,2012-01,private,236,3,21,6,29,4,1,6,8,0,2,6,5,0,90,12,0,13,2,11,2,23,44,0,0,28,0
DBX,2012-02,private,249,3,21,6,34,4,1,6,7,0,2,9,5,0,93,12,0,17,2,12,2,24,44,0,0,29,0
DBX,2012-03,private,264,4,21,6,37,4,1,6,6,0,2,9,6,0,94,13,0,17,2,11,2,31,49,1,0,29,0
DBX,2012-04,private,264,4,21,7,36,4,1,7,6,0,2,9,6,0,95,13,0,17,2,11,2,31,48,1,0,29,0
DBX,2012-05,private,287,4,22,7,36,4,1,7,14,0,2,10,8,0,108,13,0,18,2,11,2,34,51,1,0,29,0
DBX,2012-06,private,306,4,24,7,38,5,1,7,18,0,2,10,8,0,115,14,0,18,2,11,2,35,59,1,0,31,0
DBX,2012-07,private,322,4,25,7,39,5,1,8,17,0,2,10,8,0,123,14,0,18,2,11,2,37,61,1,0,35,0
DBX,2012-08,private,332,4,28,6,41,5,1,8,16,0,2,13,8,0,124,13,0,18,2,11,2,38,65,1,0,37,0
DBX,2012-09,private,334,4,28,5,44,6,1,9,2,0,2,13,8,1,119,14,0,21,2,11,2,39,66,1,0,37,0
DBX,2012-10,private,345,4,30,4,49,6,1,8,1,0,1,14,8,1,120,16,0,22,2,9,2,41,70,1,0,39,0
DBX,2012-11,private,356,4,30,4,52,6,1,8,1,0,1,13,8,1,122,16,0,23,3,10,1,41,77,1,0,40,0
DBX,2012-12,private,365,4,31,4,53,6,1,9,1,0,1,12,11,1,125,16,0,23,3,11,1,42,78,1,0,41,0
DBX,2013-01,private,433,4,43,3,60,6,1,11,3,0,4,11,13,2,138,19,1,27,3,14,1,57,92,1,0,54,0
DBX,2013-02,private,446,4,44,3,60,6,1,11,4,0,4,11,14,2,139,20,1,28,3,16,1,60,94,1,0,56,0
DBX,2013-03,private,465,4,49,3,62,6,1,12,5,0,4,11,16,2,145,18,1,31,4,19,1,62,97,1,0,57,0
DBX,2013-04,private,486,4,54,2,65,6,1,14,5,0,4,12,17,2,149,19,3,34,4,20,1,65,102,1,0,57,0
DBX,2013-05,private,518,4,54,2,69,6,1,16,20,0,4,12,17,2,166,20,3,33,4,21,1,73,108,1,0,57,0
DBX,2013-06,private,546,4,55,2,69,6,1,15,34,0,4,12,17,2,184,20,3,37,5,22,1,76,109,1,0,57,0
DBX,2013-07,private,612,4,59,2,82,6,1,16,39,0,4,14,17,2,203,23,3,41,6,23,1,99,114,1,0,65,0
DBX,2013-08,private,646,4,60,2,88,6,1,16,40,0,5,12,19,2,211,24,3,42,6,26,1,106,123,0,0,71,0
DBX,2013-09,private,647,5,61,2,95,6,1,16,17,0,5,11,20,2,200,25,3,45,6,25,1,113,118,0,0,78,0
DBX,2013-10,private,679,5,63,2,98,6,1,18,11,0,6,11,20,2,202,28,4,49,7,29,1,117,123,1,1,84,0
DBX,2013-11,private,700,5,65,2,110,6,1,19,8,0,6,13,21,2,199,34,4,51,9,30,1,120,126,1,1,88,0
DBX,2013-12,private,719,5,69,2,114,5,1,19,7,0,6,13,21,2,204,34,4,52,9,29,1,124,130,1,1,94,0
DBX,2014-01,private,809,5,84,2,131,5,5,30,2,0,8,15,27,2,226,36,4,57,9,35,2,146,134,1,1,114,0
DBX,2014-02,private,870,6,90,2,137,5,5,37,2,0,8,19,31,4,244,35,4,59,9,37,2,155,145,3,1,122,0
DBX,2014-03,private,895,6,91,2,140,6,5,38,3,0,8,18,31,4,255,35,4,62,9,37,2,156,148,6,1,127,0
DBX,2014-04,private,954,7,99,2,148,6,5,44,5,0,8,19,35,4,276,38,4,63,9,37,2,169,154,6,1,137,0
DBX,2014-05,private,1001,7,103,2,156,5,5,47,19,0,8,20,36,5,294,37,4,62,12,42,5,170,159,7,1,147,0
DBX,2014-06,private,1084,7,107,2,162,5,5,48,50,0,8,23,40,5,332,38,4,67,11,46,6,178,172,7,1,154,0
DBX,2014-07,private,1138,8,113,1,170,5,5,48,54,0,8,23,39,5,351,38,4,72,14,50,6,187,174,8,1,166,0
DBX,2014-08,private,1212,8,117,1,179,5,5,49,56,0,8,22,40,8,368,37,4,73,15,58,7,212,186,8,1,173,0
DBX,2014-09,private,1228,8,120,1,189,5,6,54,22,0,9,24,43,8,353,38,4,76,17,59,9,219,186,8,1,183,0
DBX,2014-10,private,1253,7,127,1,202,5,6,56,10,0,9,24,45,9,358,38,3,79,17,61,9,223,185,8,2,192,0
DBX,2014-11,private,1287,7,132,1,209,6,6,59,9,0,9,25,47,8,363,39,2,80,16,67,9,224,191,8,2,206,0
DBX,2014-12,private,1312,7,137,1,214,6,6,59,8,0,11,24,52,10,371,39,1,79,16,68,10,226,196,6,2,212,0
DBX,2015-01,private,1436,7,151,1,230,6,6,74,9,0,12,27,53,12,417,44,0,85,16,77,9,233,214,6,2,241,0
DBX,2015-02,private,1478,7,153,1,241,6,6,77,9,0,12,32,57,12,431,44,0,87,17,79,12,236,218,7,2,244,0
DBX,2015-03,private,1519,7,156,1,252,6,6,82,9,0,12,32,57,13,444,44,0,88,17,81,13,242,226,7,2,253,0
DBX,2015-04,private,1557,7,158,1,260,6,6,90,9,0,12,33,54,17,462,45,0,87,18,81,13,248,231,7,1,260,0
DBX,2015-05,private,1620,7,166,1,265,5,6,96,27,0,13,33,58,18,488,46,1,89,19,83,12,255,242,10,2,264,0
DBX,2015-06,private,1709,8,171,1,276,5,6,105,54,0,13,33,59,21,549,47,1,92,19,81,12,259,250,10,2,274,0
DBX,2015-07,private,1767,7,174,1,289,4,6,109,57,0,13,37,60,20,576,46,1,96,20,84,14,254,255,10,2,292,0
DBX,2015-08,private,1843,8,179,1,297,4,6,116,54,0,19,43,60,23,591,48,1,99,21,90,15,266,271,11,2,302,0
DBX,2015-09,private,1859,8,182,2,311,5,6,125,26,0,19,42,63,23,573,49,0,97,20,88,15,267,286,11,2,323,0
DBX,2015-10,private,1856,8,186,2,324,4,4,131,11,0,19,46,62,22,559,51,0,95,22,89,15,269,286,11,2,327,0
DBX,2015-11,private,1863,8,189,3,331,4,4,138,9,0,19,48,60,23,563,51,0,92,22,89,15,271,291,11,2,325,0
DBX,2015-12,private,1883,8,192,3,340,4,4,149,9,0,19,54,58,23,567,52,0,98,21,93,14,267,299,11,2,324,0
DBX,2016-01,private,1911,8,197,3,356,4,3,158,8,0,19,57,59,24,573,52,1,91,25,100,15,271,291,11,2,339,0
DBX,2016-02,private,1954,8,201,3,366,4,3,165,9,0,18,56,61,24,583,52,1,100,26,96,15,269,309,9,2,351,0
DBX,2016-03,private,1976,8,202,3,367,4,3,165,9,0,18,56,58,28,585,51,1,106,26,96,16,271,313,9,2,358,0
DBX,2016-04,private,1995,9,208,2,369,5,3,174,9,0,18,62,54,27,586,54,1,107,26,95,15,276,315,9,2,366,0
DBX,2016-05,private,2033,9,215,2,375,5,3,185,24,0,18,61,56,26,614,54,1,105,26,97,14,283,320,9,2,365,0
DBX,2016-06,private,2048,10,216,2,379,5,3,188,45,0,19,59,57,26,634,54,1,103,26,97,14,287,321,8,2,359,0
DBX,2016-07,private,2061,10,219,2,384,5,3,191,45,0,19,59,59,26,640,54,1,110,24,99,15,285,323,8,2,356,0
DBX,2016-08,private,2096,10,222,2,387,5,3,199,47,0,19,64,61,24,656,54,1,116,22,99,15,294,329,8,2,351,0
DBX,2016-09,private,2071,10,223,2,395,4,3,202,18,0,19,70,61,27,638,56,1,117,22,98,16,283,325,8,2,347,0
DBX,2016-10,private,2087,11,221,2,401,4,3,204,7,0,19,71,57,26,635,57,1,124,24,98,20,287,336,8,2,341,0
DBX,2016-11,private,2114,13,224,2,398,4,3,205,7,0,20,75,57,25,644,61,1,135,25,95,20,286,342,8,2,338,0
DBX,2016-12,private,2142,14,224,2,411,4,3,208,7,0,20,76,62,25,650,62,1,140,24,94,19,289,344,8,2,346,0
DBX,2017-01,private,2198,15,232,4,433,4,3,234,7,0,19,82,66,23,694,61,1,144,25,105,22,269,347,8,2,349,0
DBX,2017-02,private,2248,15,233,3,437,5,4,246,10,0,20,84,67,23,722,62,1,148,25,109,22,277,349,8,2,349,0
DBX,2017-03,private,2291,15,235,3,448,5,4,253,8,0,20,86,69,23,726,69,3,158,23,108,23,281,361,8,2,351,0
DBX,2017-04,private,2364,15,237,3,461,5,4,262,8,0,21,87,71,24,747,73,3,171,25,111,23,294,367,7,1,360,0
DBX,2017-05,private,2432,16,239,3,466,5,5,269,29,0,21,84,71,25,801,75,4,173,27,116,24,290,365,7,2,368,0
DBX,2017-06,private,2493,16,236,3,476,5,4,276,48,0,22,85,70,24,840,80,4,177,26,115,25,293,367,6,2,379,0
DBX,2017-07,private,2512,16,236,3,473,5,4,282,52,0,22,82,68,24,843,78,4,178,29,118,26,293,381,6,2,380,0
DBX,2017-08,private,2549,16,235,4,477,5,4,297,53,0,23,80,70,24,867,81,4,177,29,117,25,310,386,6,2,371,0
DBX,2017-09,private,2519,17,235,3,485,6,4,304,18,0,23,80,71,24,839,79,5,181,28,116,24,313,388,6,2,363,0
DBX,2017-10,private,2544,17,240,3,490,6,4,313,10,0,23,85,76,24,846,75,5,184,25,118,25,323,387,6,2,363,0
DBX,2017-11,private,2567,17,242,3,497,6,4,317,10,0,23,87,82,24,846,77,5,193,23,125,25,323,386,7,2,362,0
DBX,2017-12,private,2563,18,243,2,493,6,4,325,9,0,23,89,86,23,845,78,5,192,23,128,25,323,390,7,2,347,0
DBX,2018-01,private,2592,18,245,2,499,7,5,353,8,0,23,89,89,30,863,78,5,194,23,134,27,331,398,7,2,322,0
DBX,2018-02,private,2622,18,249,2,507,7,6,365,6,0,24,91,90,30,884,82,5,194,23,138,28,333,397,7,2,318,0
DBX,2018-03,private,2687,19,251,2,525,7,6,376,7,0,24,91,92,31,904,83,5,205,23,139,28,348,408,7,3,320,0
DBX,2018-04,public,2720,19,258,2,530,7,6,383,8,0,24,101,93,32,906,85,5,195,22,144,28,352,420,7,4,326,0
DBX,2018-05,public,2825,20,258,2,549,7,6,392,42,0,21,104,102,32,957,86,5,205,23,144,30,362,436,7,2,330,0
DBX,2018-06,public,2871,20,254,2,555,7,6,401,60,0,22,105,103,31,984,87,5,200,23,146,31,368,451,6,2,329,0
DBX,2018-07,public,2898,19,259,2,558,7,6,424,60,0,24,100,102,33,1002,87,5,196,24,145,33,368,456,7,2,338,0
DBX,2018-08,public,2946,20,266,2,576,7,6,447,57,0,25,107,112,33,1023,88,5,196,24,146,30,368,458,6,3,347,0
DBX,2018-09,public,2934,20,268,2,590,7,6,450,20,0,23,118,112,36,979,90,5,198,24,141,34,377,460,7,3,350,0
DBX,2018-10,public,3028,19,270,1,627,7,6,464,8,0,23,131,115,38,1001,90,5,210,27,143,37,383,471,9,2,366,0
DBX,2018-11,public,3064,19,272,1,638,7,6,477,7,0,22,136,117,38,1011,90,5,209,26,143,39,388,475,10,2,375,0
DBX,2018-12,public,3083,18,275,2,645,7,6,482,8,0,22,137,119,40,1016,91,5,207,26,149,39,389,473,10,1,381,0
DBX,2019-01,public,3176,18,288,2,679,7,7,514,6,0,22,147,122,42,1051,86,5,210,26,149,41,389,510,10,3,385,0
DBX,2019-02,public,3241,18,292,2,694,7,6,535,6,0,23,154,121,45,1084,86,5,208,27,151,42,392,523,10,3,390,0
DBX,2019-03,public,3279,18,301,2,709,7,5,558,6,0,24,156,120,45,1103,90,5,208,28,153,42,397,521,10,4,396,1
DBX,2019-04,public,3335,18,301,2,723,7,5,574,6,0,22,161,126,42,1113,91,5,211,28,156,43,393,543,11,4,407,1
DBX,2019-05,public,3393,18,305,2,734,7,5,574,44,0,21,161,129,44,1152,92,5,206,29,155,43,398,558,11,5,404,1
DBX,2019-06,public,3442,17,309,2,749,7,5,583,58,0,21,166,132,44,1183,94,5,202,29,155,41,400,569,11,5,405,1
DBX,2019-07,public,3487,19,317,2,759,7,5,587,60,0,21,163,131,43,1214,96,5,208,31,150,41,408,575,13,5,403,1
DBX,2019-08,public,3546,17,319,3,778,7,6,620,60,0,22,160,136,42,1226,95,7,208,31,151,40,435,586,15,5,408,1
DBX,2019-09,public,3510,17,323,4,771,7,7,622,21,0,22,156,134,41,1191,94,7,210,33,151,41,436,584,15,5,411,1
DBX,2019-10,public,3561,18,332,4,785,7,8,627,10,0,24,162,139,43,1196,95,7,210,32,153,41,446,602,15,5,414,1
DBX,2019-11,public,3576,17,334,4,791,8,8,630,9,0,24,167,136,45,1189,95,7,211,32,154,42,444,622,15,5,411,1
DBX,2019-12,public,3594,17,331,4,800,8,8,628,9,0,24,174,136,44,1197,96,7,213,32,154,41,451,616,15,5,412,1
DBX,2020-01,public,3634,18,334,3,823,8,7,650,10,0,29,177,142,47,1188,93,6,222,33,163,41,455,621,17,6,423,0
DBX,2020-02,public,3621,17,334,3,817,8,7,649,10,0,28,179,146,49,1172,94,6,219,33,164,40,453,629,16,6,415,0
DBX,2020-03,public,3673,17,336,3,828,8,7,666,10,0,30,183,151,51,1205,95,6,218,33,164,41,462,623,16,6,419,0
DBX,2020-04,public,3671,18,332,3,832,8,7,662,10,0,30,181,157,49,1204,92,6,216,33,166,41,460,617,16,6,427,0
DBX,2020-05,public,3653,18,329,3,813,8,7,655,33,0,29,181,156,50,1217,90,6,217,33,162,41,452,612,16,5,415,0
DBX,2020-06,public,3643,18,329,3,805,8,7,648,51,0,29,180,155,51,1226,89,6,210,33,160,42,448,607,16,5,415,0
DBX,2020-07,public,3622,18,336,3,801,8,7,636,52,0,27,181,155,49,1228,91,6,201,33,159,42,444,608,14,5,405,1
DBX,2020-08,public,3635,20,346,3,810,8,7,651,54,0,27,180,153,49,1232,93,6,198,34,164,44,452,611,14,5,398,2
DBX,2020-09,public,3592,20,347,3,808,9,8,652,21,0,26,182,158,47,1192,93,6,200,33,168,42,450,600,14,5,400,2
DBX,2020-10,public,3572,22,337,3,813,9,8,646,13,0,24,179,157,48,1189,93,6,201,34,168,41,440,598,14,4,398,2
DBX,2020-11,public,3544,23,334,3,810,9,8,638,12,0,24,174,158,48,1188,93,6,198,35,168,41,432,594,14,3,390,2
DBX,2020-12,public,3522,23,333,3,803,9,8,635,12,0,24,175,157,46,1189,92,6,199,36,166,40,421,588,16,3,386,2
DBX,2021-01,public,3458,21,332,3,788,8,7,627,11,0,23,171,158,44,1166,95,5,199,36,165,40,413,566,14,3,381,2
DBX,2021-02,public,3256,21,324,3,741,8,7,621,10,0,22,160,148,37,1133,96,5,182,36,149,37,368,544,11,3,345,2
DBX,2021-03,public,3261,20,329,3,733,8,6,633,10,0,23,175,152,36,1153,96,5,178,36,148,38,360,538,11,3,330,2
DBX,2021-04,public,3206,21,309,3,710,8,6,615,12,0,25,163,147,36,1154,92,5,182,35,140,39,355,526,10,3,317,2
DBX,2021-05,public,3185,21,298,3,689,8,5,605,26,0,23,158,148,34,1157,88,5,191,34,138,40,345,524,10,3,308,2
DBX,2021-06,public,3198,19,288,3,685,8,5,610,44,0,23,158,145,34,1178,88,5,191,33,139,42,343,522,10,3,305,2
DBX,2021-07,public,3217,19,295,3,696,8,4,617,44,0,23,155,147,33,1173,93,5,200,32,143,41,342,520,11,3,317,2
DBX,2021-08,public,3251,19,298,2,695,8,4,652,45,0,28,158,150,32,1194,96,5,207,32,139,40,356,517,11,3,309,2
DBX,2021-09,public,3265,19,294,2,690,8,4,667,18,0,30,163,154,30,1185,92,5,203,32,145,40,368,523,12,3,308,2
DBX,2021-10,public,3319,19,292,2,706,8,4,678,9,0,29,159,160,29,1216,89,5,202,32,148,39,380,528,12,3,315,2
DBX,2021-11,public,3394,18,292,2,708,8,4,688,9,0,30,159,162,30,1269,88,3,204,32,150,40,385,527,12,3,327,3
DBX,2021-12,public,3429,17,291,2,718,8,4,702,9,0,31,162,165,32,1294,87,3,203,32,156,40,391,527,12,3,319,3
DBX,2022-01,public,3439,16,287,2,740,8,4,719,8,0,30,161,164,30,1323,84,3,197,36,160,37,386,529,12,2,312,3
DBX,2022-02,public,3467,16,285,2,742,8,4,721,8,0,31,161,166,30,1331,85,3,194,36,160,39,397,541,11,2,308,3
DBX,2022-03,public,3519,16,293,2,738,8,5,725,8,0,30,159,167,30,1359,86,3,201,36,160,39,408,545,11,2,310,3
DBX,2022-04,public,3532,15,290,2,742,8,5,727,9,0,28,158,169,31,1364,86,3,203,34,162,40,409,550,8,2,310,3
DBX,2022-05,public,3561,15,294,2,742,8,5,725,32,0,28,157,176,36,1389,88,3,198,34,155,39,413,554,8,2,306,3
DBX,2022-06,public,3586,15,293,2,741,8,5,722,49,0,29,155,169,37,1403,89,3,197,38,158,37,415,564,10,2,306,3
DBX,2022-07,public,3622,15,294,2,746,8,5,734,49,0,30,157,171,38,1426,90,3,198,36,163,39,416,564,10,2,306,3
DBX,2022-08,public,3678,16,294,2,758,7,6,760,49,0,31,156,179,39,1463,91,3,197,36,161,40,421,566,10,2,311,3
DBX,2022-09,public,3654,16,291,2,755,7,6,757,20,0,32,155,178,35,1451,92,3,192,36,163,39,417,565,10,2,313,3
DBX,2022-10,public,3678,15,290,2,760,7,6,765,12,0,32,154,179,38,1469,92,3,191,36,167,39,418,561,10,2,316,3
DBX,2022-11,public,3710,15,294,2,767,7,6,769,12,0,32,154,181,40,1475,91,4,195,37,171,39,423,569,10,2,316,3
DBX,2022-12,public,3751,15,294,2,778,7,6,771,12,0,32,155,179,41,1501,92,4,203,38,172,40,433,561,9,2,318,3
DBX,2023-01,public,3760,15,297,2,784,7,6,779,13,0,33,154,179,40,1508,93,4,210,39,172,40,434,557,9,2,316,3
DBX,2023-02,public,3751,16,295,2,782,7,6,788,13,0,32,155,179,39,1503,93,4,209,40,168,40,437,557,9,2,313,3
DBX,2023-03,public,3733,16,297,2,778,7,6,808,14,0,35,152,176,40,1495,93,4,207,41,165,39,437,553,9,1,318,3
DBX,2023-04,public,3725,15,298,2,781,7,6,801,14,0,33,148,174,40,1491,92,4,206,41,167,38,433,561,10,1,316,3
DBX,2023-05,public,3598,15,288,2,752,6,6,762,40,0,32,148,157,39,1436,93,4,193,43,157,37,415,548,10,2,314,2
DBX,2023-06,public,3469,14,272,2,710,6,6,728,51,0,31,142,147,33,1399,93,4,181,43,140,37,397,535,10,2,304,2
DBX,2023-07,public,3438,14,268,2,702,6,6,724,51,0,31,140,145,32,1384,98,4,179,43,139,37,395,531,9,2,298,2
DBX,2023-08,public,3436,15,271,2,703,6,7,726,49,0,31,138,146,35,1373,99,4,178,41,143,39,394,534,9,2,299,2
DBX,2023-09,public,3402,15,275,2,698,6,7,726,27,0,31,135,142,35,1360,96,4,180,38,142,37,391,531,9,2,298,2
DBX,2023-10,public,3414,15,279,3,708,6,7,730,18,0,32,137,144,34,1357,96,4,182,37,140,37,395,535,9,2,303,2
DBX,2023-11,public,3417,15,275,3,706,6,7,728,20,0,33,140,144,34,1361,95,4,179,38,143,37,398,531,9,2,300,2
DBX,2023-12,public,3406,16,273,3,702,6,7,727,21,0,32,139,143,34,1360,95,4,174,38,142,36,400,529,9,2,299,2
DBX,2024-01,public,3384,15,271,3,694,6,7,717,22,0,30,139,141,32,1349,93,4,173,37,141,36,399,528,9,2,299,2
DBX,2024-02,public,3378,14,268,3,697,6,7,716,22,0,31,138,141,33,1345,94,4,170,37,144,37,394,531,9,2,297,2
SNOW,2012-01,private,4,0,0,0,0,0,0,0,0,0,1,0,0,0,2,1,0,0,0,0,0,1,0,0,0,0,0
SNOW,2012-02,private,4,0,0,0,0,0,0,0,0,0,1,0,0,0,2,1,0,0,0,0,0,1,0,0,0,0,0
SNOW,2012-03,private,5,1,0,0,0,0,0,0,0,0,1,0,0,0,2,1,0,0,0,1,0,1,0,0,0,0,0
SNOW,2012-04,private,5,1,0,0,0,0,0,0,0,0,1,0,0,0,2,1,0,0,0,1,0,1,0,0,0,0,0
SNOW,2012-05,private,7,1,0,0,0,0,0,0,0,0,1,0,0,0,2,1,0,0,0,1,0,1,1,0,0,1,0
SNOW,2012-06,private,7,1,0,0,0,0,0,0,0,0,1,0,0,0,2,1,0,0,0,1,0,1,1,0,0,1,0
SNOW,2012-07,private,7,1,0,0,0,0,0,0,0,0,1,0,0,0,2,1,0,0,0,1,0,1,1,0,0,1,0
SNOW,2012-08,private,10,2,0,0,0,2,0,0,0,0,1,0,0,0,3,1,0,0,0,1,0,2,2,0,0,1,0
SNOW,2012-09,private,9,2,0,0,0,2,0,0,0,0,1,0,0,0,3,1,0,0,0,1,0,2,1,0,0,1,0
SNOW,2012-10,private,10,2,0,0,1,2,0,0,0,0,1,0,0,0,4,1,0,0,0,1,0,2,1,0,0,1,0
SNOW,2012-11,private,11,2,0,0,1,2,0,0,0,0,1,0,0,0,4,2,0,0,0,1,0,2,1,0,0,1,0
SNOW,2012-12,private,13,2,0,0,1,2,0,0,0,0,2,0,0,0,5,2,0,0,0,1,0,2,1,0,0,2,0
SNOW,2013-01,private,17,3,0,0,1,3,0,0,0,0,2,0,0,0,7,1,0,0,0,1,0,2,4,0,0,2,0
SNOW,2013-02,private,18,3,0,0,1,3,0,0,0,0,2,0,0,0,8,1,0,0,0,1,0,2,4,0,0,2,0
SNOW,2013-03,private,19,3,0,0,1,3,0,0,0,0,2,0,0,0,8,1,0,0,0,1,0,3,4,0,0,2,0
SNOW,2013-04,private,25,3,3,0,1,3,0,0,0,0,2,0,0,0,12,1,0,0,0,1,0,5,4,0,0,2,0
SNOW,2013-05,private,24,3,3,0,1,3,0,0,0,0,2,0,0,0,12,1,0,0,0,1,0,5,4,0,0,1,0
SNOW,2013-06,private,27,3,3,0,2,3,0,0,0,0,2,0,0,0,13,1,0,1,0,1,0,5,5,0,0,1,0
SNOW,2013-07,private,29,3,3,0,2,3,0,0,0,0,3,0,0,0,15,1,0,1,0,1,0,5,5,0,0,1,0
SNOW,2013-08,private,32,3,3,0,2,3,0,0,0,0,3,0,0,0,16,1,0,1,0,2,0,5,6,0,0,1,0
SNOW,2013-09,private,33,3,3,0,2,3,1,0,0,0,3,0,0,0,16,1,0,1,0,2,0,5,7,0,0,1,0
SNOW,2013-10,private,34,3,3,0,2,3,1,0,0,0,3,0,0,0,17,1,0,1,0,2,0,5,7,0,0,1,0
SNOW,2013-11,private,35,4,3,0,2,3,1,0,0,0,3,0,0,0,17,1,0,1,0,2,0,5,7,0,0,2,0
SNOW,2013-12,private,38,4,3,0,3,3,1,0,0,0,3,0,0,0,18,1,0,1,0,2,0,5,8,0,0,3,0
SNOW,2014-01,private,51,5,4,1,3,3,3,0,0,0,3,0,1,0,26,1,0,1,0,3,0,6,9,0,0,4,0
SNOW,2014-02,private,53,6,5,1,3,3,3,0,0,0,3,0,1,1,26,1,0,1,0,3,0,6,10,0,0,4,0
SNOW,2014-03,private,58,6,6,1,3,3,3,1,0,0,3,0,2,1,28,1,0,1,0,3,0,6,10,0,0,6,0
SNOW,2014-04,private,60,6,7,1,3,3,3,2,0,0,3,0,3,1,28,1,0,1,0,3,0,6,10,0,0,7,0
SNOW,2014-05,private,66,6,8,1,3,3,3,3,2,0,3,0,3,1,33,1,0,1,0,3,0,6,10,0,0,8,0
SNOW,2014-06,private,67,7,8,1,3,3,3,3,2,0,3,0,3,1,33,1,0,1,0,3,0,6,11,0,0,8,0
SNOW,2014-07,private,71,7,9,1,3,3,3,5,2,0,4,0,3,0,34,1,0,1,0,3,0,6,13,0,0,10,0
SNOW,2014-08,private,74,7,9,1,3,3,3,7,2,0,4,0,3,0,36,1,0,1,0,3,0,6,13,0,0,11,0
SNOW,2014-09,private,73,7,9,1,3,3,3,7,1,0,4,0,3,0,34,1,0,1,0,3,0,6,13,0,0,12,0
SNOW,2014-10,private,79,7,12,1,2,3,3,8,1,0,4,1,3,0,33,1,0,1,0,3,0,8,15,0,0,14,0
SNOW,2014-11,private,82,7,12,1,3,3,3,9,1,0,5,1,3,0,33,2,0,2,0,3,0,8,15,0,0,15,0
SNOW,2014-12,private,82,7,12,1,3,3,3,9,1,0,5,1,3,0,33,2,0,2,0,3,0,8,15,0,0,15,0
SNOW,2015-01,private,86,7,12,1,4,4,3,9,0,0,6,1,3,0,33,2,0,3,0,3,0,8,18,0,0,15,0
SNOW,2015-02,private,92,7,13,1,5,4,3,10,0,0,6,1,3,0,33,2,0,5,0,3,0,8,19,0,0,18,0
SNOW,2015-03,private,102,7,15,1,6,4,3,12,0,0,6,1,3,0,34,2,0,5,0,3,0,8,21,0,0,25,0
SNOW,2015-04,private,106,7,16,1,6,4,3,12,0,0,6,2,3,0,34,2,0,5,0,3,0,8,21,0,0,28,0
SNOW,2015-05,private,111,8,19,1,5,5,3,13,0,0,6,2,3,0,34,2,0,5,0,3,0,6,23,0,0,33,0
SNOW,2015-06,private,116,8,19,1,5,5,3,12,1,0,8,2,3,0,34,2,0,5,0,3,0,9,23,0,0,35,0
SNOW,2015-07,private,121,8,21,1,5,5,3,12,1,0,8,2,3,0,37,2,0,5,0,3,0,9,23,0,0,37,0
SNOW,2015-08,private,126,8,21,1,7,5,3,13,1,0,8,2,3,0,39,3,0,5,0,3,0,9,24,0,0,38,0
SNOW,2015-09,private,128,8,23,1,7,5,3,13,0,0,8,3,3,0,40,4,0,5,0,4,0,8,24,0,0,37,0
SNOW,2015-10,private,134,8,24,1,8,5,3,15,0,0,8,3,3,0,43,4,0,6,0,3,0,8,24,0,0,40,0
SNOW,2015-11,private,138,8,25,2,8,5,3,16,0,0,8,2,3,0,44,5,0,6,0,3,0,8,27,0,0,40,0
SNOW,2015-12,private,146,8,25,2,8,5,3,17,0,0,9,3,3,0,47,5,0,6,0,3,0,8,28,0,0,43,0
SNOW,2016-01,private,159,7,28,2,8,5,5,17,0,0,9,4,2,0,47,5,0,6,0,4,0,9,33,0,0,49,0
SNOW,2016-02,private,166,8,29,2,9,5,5,21,0,0,10,4,2,0,48,5,0,6,1,4,1,10,33,0,0,52,0
SNOW,2016-03,private,164,8,29,2,9,5,5,21,0,0,10,4,2,0,48,5,0,6,1,4,1,10,32,0,0,51,0
SNOW,2016-04,private,175,8,30,2,10,5,5,23,1,0,11,5,3,0,53,5,0,6,1,4,1,10,32,0,0,55,0
SNOW,2016-05,private,181,9,34,2,11,5,5,24,3,0,11,6,3,0,54,5,0,6,1,6,1,10,33,0,0,56,0
SNOW,2016-06,private,189,9,35,1,11,5,5,27,5,0,11,7,3,0,58,5,0,6,1,6,2,10,35,0,0,56,0
SNOW,2016-07,private,191,9,40,1,11,5,5,27,6,0,11,6,3,0,59,5,0,6,1,8,1,11,34,0,0,57,0
SNOW,2016-08,private,195,9,40,1,13,5,5,29,6,0,12,6,3,1,57,6,0,7,1,8,1,10,35,0,0,60,0
SNOW,2016-09,private,193,9,39,1,13,5,5,30,3,0,13,6,2,1,53,6,0,7,1,8,1,10,36,0,0,62,0
SNOW,2016-10,private,203,9,41,1,15,5,5,33,3,0,13,7,2,1,56,6,0,8,1,8,1,10,37,1,0,65,0
SNOW,2016-11,private,206,9,41,1,16,5,5,34,3,0,13,7,2,1,57,6,0,9,1,9,1,10,37,1,0,65,0
SNOW,2016-12,private,208,9,41,1,15,5,5,34,2,0,14,7,2,1,57,6,0,10,1,9,1,10,37,1,0,66,0
SNOW,2017-01,private,219,9,49,1,16,5,5,39,2,0,14,7,2,2,58,8,0,9,1,11,1,10,36,1,0,73,0
SNOW,2017-02,private,243,9,54,1,19,6,5,40,2,0,15,8,2,2,61,8,0,12,1,12,2,11,42,1,0,81,0
SNOW,2017-03,private,257,9,54,1,20,6,5,47,2,0,16,8,2,2,65,10,0,13,1,13,3,15,43,1,0,81,0
SNOW,2017-04,private,272,9,56,1,25,6,5,46,2,0,16,8,2,2,66,12,0,16,1,13,3,15,44,1,0,89,0
SNOW,2017-05,private,295,10,61,1,26,6,5,53,7,0,16,8,3,2,75,14,0,18,1,14,3,15,47,1,0,94,0
SNOW,2017-06,private,313,10,62,1,28,6,5,55,10,0,18,9,3,2,80,15,0,18,1,15,3,16,50,1,0,100,0
SNOW,2017-07,private,335,10,65,1,30,6,5,61,12,0,19,9,3,2,87,14,0,19,2,15,3,16,53,1,0,111,0
SNOW,2017-08,private,343,10,67,1,29,6,5,62,12,0,19,9,3,2,91,14,0,20,3,15,3,17,53,1,0,112,0
SNOW,2017-09,private,352,12,79,1,29,6,5,63,5,0,19,9,3,1,86,14,0,21,4,15,3,18,55,1,0,122,0
SNOW,2017-10,private,372,12,87,1,30,6,5,68,5,0,20,10,2,1,87,14,0,22,4,17,4,18,61,1,0,131,0
SNOW,2017-11,private,388,12,94,1,31,6,5,69,5,0,21,11,2,1,88,14,0,23,4,17,4,18,60,1,0,145,0
SNOW,2017-12,private,400,12,99,1,31,6,5,72,5,0,20,11,3,1,92,14,0,23,4,19,4,17,64,1,0,147,0
SNOW,2018-01,private,462,12,114,1,40,6,5,80,6,0,22,12,3,1,100,18,0,25,6,21,4,21,73,1,0,177,0
SNOW,2018-02,private,493,10,122,1,44,5,5,82,6,0,25,13,3,1,104,20,0,25,6,21,4,25,78,1,0,192,0
SNOW,2018-03,private,513,10,122,1,47,5,5,91,6,0,26,13,5,1,110,21,0,25,8,23,4,26,81,1,0,195,0
SNOW,2018-04,private,541,11,123,1,49,5,5,97,7,0,27,13,5,3,120,21,0,25,9,23,4,28,87,1,0,202,0
SNOW,2018-05,private,584,11,130,1,52,5,6,106,14,0,28,12,5,3,136,21,0,28,10,25,3,30,92,1,0,218,0
SNOW,2018-06,private,623,12,139,1,55,5,6,115,18,0,28,14,5,3,140,23,0,29,10,25,3,31,98,1,0,241,0
SNOW,2018-07,private,672,13,149,2,64,5,6,124,18,0,28,14,5,3,156,24,0,30,11,29,3,38,106,1,0,252,0
SNOW,2018-08,private,707,14,154,2,73,5,6,128,19,0,29,18,5,3,164,25,0,33,12,31,3,41,109,1,0,262,0
SNOW,2018-09,private,747,15,162,1,85,5,6,136,15,0,33,23,5,3,158,27,0,36,13,41,3,43,113,1,0,281,0
SNOW,2018-10,private,828,15,175,1,99,5,7,152,13,0,34,28,6,3,166,30,0,41,14,44,3,52,123,2,0,316,0
SNOW,2018-11,private,905,16,191,1,114,5,7,168,13,0,35,31,6,5,171,33,0,44,15,42,3,59,145,4,0,347,0
SNOW,2018-12,private,956,17,203,1,121,5,7,184,13,0,40,35,6,7,177,33,0,48,16,43,3,61,160,4,0,363,0
SNOW,2019-01,private,1117,17,245,1,137,5,7,221,13,0,43,42,6,7,207,37,0,51,18,52,3,70,180,4,0,440,0
SNOW,2019-02,private,1216,18,268,1,153,5,7,250,13,0,51,46,7,8,231,39,0,54,19,53,4,74,198,4,0,479,0
SNOW,2019-03,private,1287,18,281,1,167,5,7,262,12,0,52,47,8,10,247,42,0,54,20,55,4,73,219,4,0,504,0
SNOW,2019-04,private,1390,20,306,1,177,5,8,290,10,0,56,50,7,11,270,43,0,56,21,59,4,74,237,4,0,554,0
SNOW,2019-05,private,1463,20,318,1,190,5,8,304,30,0,57,53,7,11,290,45,0,59,25,62,4,74,244,4,1,584,0
SNOW,2019-06,private,1519,20,329,1,198,6,9,317,39,0,57,52,8,12,312,46,0,63,27,64,4,77,250,4,1,599,0
SNOW,2019-07,private,1591,19,345,1,201,6,9,334,35,0,57,54,8,13,345,46,0,56,27,65,4,78,255,4,1,635,0
SNOW,2019-08,private,1619,20,345,1,203,6,9,344,35,0,58,54,7,15,358,48,0,52,23,64,4,78,255,5,1,655,0
SNOW,2019-09,private,1646,20,352,1,204,6,9,359,16,0,61,53,8,15,357,48,0,56,20,65,4,80,254,5,1,680,0
SNOW,2019-10,private,1702,19,363,1,207,6,9,366,8,0,60,58,8,16,370,51,0,55,19,63,5,82,257,5,1,712,0
SNOW,2019-11,private,1747,19,368,1,213,6,9,379,7,0,62,56,8,16,375,55,0,59,20,62,5,87,260,6,1,737,0
SNOW,2019-12,private,1799,20,379,1,217,6,10,395,7,0,64,59,8,16,393,57,0,59,20,62,5,93,271,6,1,749,0
SNOW,2020-01,private,1913,20,391,1,230,6,10,431,8,0,63,63,8,18,413,62,0,64,20,64,5,116,306,6,1,766,1
SNOW,2020-02,private,1987,20,398,1,253,6,10,466,12,0,64,68,9,18,427,68,1,66,20,65,7,123,308,6,1,799,1
SNOW,2020-03,private,2039,20,399,1,264,6,10,483,14,0,61,74,9,19,434,68,2,70,20,70,8,125,325,5,1,808,1
SNOW,2020-04,private,2104,22,401,1,276,6,10,501,13,0,60,79,12,20,441,74,2,70,19,70,9,127,339,4,1,836,1
SNOW,2020-05,private,2187,24,414,0,287,6,10,517,31,0,61,81,12,22,480,76,2,69,20,69,9,131,345,4,1,865,1
SNOW,2020-06,private,2248,24,421,0,291,6,10,531,45,0,61,81,12,20,512,77,2,72,20,70,9,137,352,4,1,878,1
SNOW,2020-07,private,2301,24,431,0,300,6,10,550,45,0,62,84,12,20,536,81,2,72,20,73,9,141,360,4,1,885,1
SNOW,2020-08,private,2421,25,443,0,312,6,10,599,52,0,65,89,15,20,582,84,2,72,22,75,9,150,378,5,1,916,1
SNOW,2020-09,private,2443,24,448,0,310,6,10,615,34,0,65,95,15,20,582,85,2,71,23,81,9,155,386,5,1,912,1
SNOW,2020-10,public,2500,23,448,0,324,6,10,656,22,0,66,103,15,21,608,88,2,72,23,82,9,163,393,5,2,913,1
SNOW,2020-11,public,2585,25,450,0,347,6,10,698,21,0,66,115,15,22,627,92,2,78,23,86,12,172,406,5,2,927,1
SNOW,2020-12,public,2630,25,459,0,353,6,10,712,21,0,66,118,15,22,638,95,2,80,23,86,12,180,414,5,2,937,1
SNOW,2021-01,public,2784,25,481,0,372,6,9,749,61,0,67,127,14,24,707,96,2,88,24,92,13,191,444,5,2,954,1
SNOW,2021-02,public,3001,30,494,0,420,6,9,845,64,0,69,136,20,23,798,104,1,91,26,96,16,209,471,5,2,1003,0
SNOW,2021-03,public,3100,32,493,0,441,6,9,865,66,0,68,137,20,23,819,107,1,94,27,101,16,218,491,5,2,1039,0
SNOW,2021-04,public,3199,32,497,0,459,6,9,904,68,0,68,144,23,23,838,112,1,97,28,104,17,226,503,5,2,1076,0
SNOW,2021-05,public,3363,32,507,0,482,6,11,946,93,0,69,151,22,26,887,113,1,103,28,112,22,241,524,5,2,1126,0
SNOW,2021-06,public,3450,34,510,0,495,6,11,980,102,0,70,157,22,28,915,115,1,107,28,114,22,250,538,5,2,1146,0
SNOW,2021-07,public,3529,36,522,0,516,5,11,1017,63,0,70,166,22,28,912,123,2,107,29,119,22,259,557,6,2,1175,0
SNOW,2021-08,public,3659,39,531,0,532,5,12,1059,73,0,69,178,23,29,958,130,2,113,29,122,24,270,578,6,2,1195,0
SNOW,2021-09,public,3722,41,536,0,556,5,12,1098,62,0,72,182,24,30,976,133,3,114,29,121,25,271,606,6,2,1200,0
SNOW,2021-10,public,3784,41,538,0,564,5,12,1119,52,0,72,189,24,33,995,135,3,117,30,122,27,271,612,7,2,1217,0
SNOW,2021-11,public,3889,44,547,0,584,5,12,1161,51,0,72,198,24,34,1026,137,3,123,31,127,26,273,634,7,2,1244,0
SNOW,2021-12,public,3961,43,549,0,593,5,12,1183,50,0,72,205,25,35,1042,140,2,124,29,129,26,276,646,7,2,1273,0
SNOW,2022-01,public,4221,44,559,0,622,5,12,1275,74,0,79,221,24,37,1113,144,4,125,30,138,31,293,697,11,2,1351,0
SNOW,2022-02,public,4406,53,581,0,691,5,12,1365,74,0,85,230,26,38,1173,152,4,132,30,146,33,306,717,13,2,1404,0
SNOW,2022-03,public,4579,54,588,0,721,5,12,1384,75,0,85,236,27,38,1210,153,5,141,30,150,32,322,751,13,2,1469,0
SNOW,2022-04,public,4804,55,607,0,744,5,11,1463,74,0,86,253,29,39,1244,163,5,144,30,159,37,356,786,15,2,1542,0
SNOW,2022-05,public,5015,55,616,0,780,5,11,1533,101,0,85,266,30,40,1324,170,6,149,30,171,37,374,813,17,2,1586,0
SNOW,2022-06,public,5165,56,619,0,802,5,12,1579,110,0,86,280,30,42,1371,172,6,159,30,177,39,386,828,16,2,1627,0
SNOW,2022-07,public,5256,58,622,0,814,5,12,1610,89,0,86,292,30,42,1413,178,7,161,30,178,39,396,831,17,2,1640,0
SNOW,2022-08,public,5422,57,631,0,851,5,12,1677,85,0,84,297,32,43,1486,180,7,164,30,189,39,395,858,16,2,1684,0
SNOW,2022-09,public,5542,59,631,0,869,5,12,1755,65,0,84,300,36,57,1537,188,7,167,30,189,40,403,870,17,2,1699,0
SNOW,2022-10,public,5717,59,645,0,897,5,13,1820,53,0,84,308,37,60,1585,188,8,167,29,200,44,418,895,18,2,1758,0
SNOW,2022-11,public,5812,61,642,0,926,5,12,1852,53,0,83,313,37,64,1624,189,9,168,29,209,46,433,915,18,2,1756,0
SNOW,2022-12,public,5882,62,641,0,937,5,12,1897,51,0,83,320,37,65,1651,185,9,168,28,216,44,432,922,18,3,1784,0
SNOW,2023-01,public,6066,66,652,0,961,4,14,1954,53,0,84,327,42,65,1737,191,10,168,26,218,45,450,948,18,3,1818,0
SNOW,2023-02,public,6358,74,672,0,1049,4,15,2067,55,0,84,334,48,65,1877,194,10,170,29,222,46,469,1010,17,3,1864,0
SNOW,2023-03,public,6431,73,670,0,1044,4,15,2040,58,0,83,334,50,67,1910,195,10,170,28,224,46,478,1017,19,3,1880,0
SNOW,2023-04,public,6520,74,676,0,1056,4,15,2080,59,0,82,333,52,69,1933,197,10,173,29,226,48,484,1020,19,3,1924,0
SNOW,2023-05,public,6715,75,683,0,1081,4,14,2122,86,0,82,328,57,70,2034,195,10,172,31,228,51,499,1038,19,3,1980,0
SNOW,2023-06,public,6837,74,689,0,1092,4,14,2143,111,0,81,327,58,74,2076,202,10,173,30,231,52,510,1058,19,3,2014,0
SNOW,2023-07,public,6893,75,686,0,1100,4,14,2169,112,0,81,327,58,73,2121,206,10,173,32,231,50,512,1069,19,3,2009,0
SNOW,2023-08,public,6928,73,684,0,1107,4,14,2197,119,0,81,324,59,75,2144,204,10,176,32,233,50,517,1071,18,3,2012,0
SNOW,2023-09,public,6930,77,677,0,1113,4,15,2214,99,0,82,323,57,75,2142,205,10,175,32,234,52,521,1071,19,3,2011,0
SNOW,2023-10,public,6983,77,673,0,1118,4,14,2247,90,0,82,325,59,73,2166,204,10,174,32,237,52,530,1084,21,3,2013,0
SNOW,2023-11,public,7023,79,667,0,1133,4,14,2263,90,0,85,323,60,73,2179,211,10,175,33,240,52,533,1092,20,3,2019,0
SNOW,2023-12,public,7072,80,667,0,1137,4,14,2291,88,0,85,323,60,73,2214,211,10,179,36,241,51,538,1092,20,3,2021,0
SNOW,2024-01,public,7163,84,660,0,1150,4,15,2317,107,0,88,322,60,75,2272,214,9,183,35,246,52,544,1097,20,3,2031,0
SNOW,2024-02,public,7216,88,685,0,1190,4,14,2388,113,0,93,314,61,74,2297,218,9,187,34,248,52,545,1128,22,3,2024,0
